vintage_year,loan_count,event_rate
2019,50000,0.02324
2020,50000,0.01176
2021,50000,0.00394
2022,50000,0.007
2023,50000,0.00618
