ltv,loan_count,event_rate
"[0, 60)",52726,0.006220839813374806
"[60, 80)",80395,0.00965234156353007
"[80, 90)",58267,0.010846619870595707
"[90, 100)",58610,0.014826821361542399
